{
  "baseline": [
    [
      38.333333333333336,
      0.875,
      {
        "40": 21,
        "30": 2,
        "20": 1
      }
    ],
    [
      38.75,
      0.875,
      {
        "40": 21,
        "30": 3
      }
    ],
    [
      35.833333333333336,
      0.7916666666666666,
      {
        "40": 19,
        "20": 3,
        "10": 1,
        "30": 1
      }
    ],
    [
      35.416666666666664,
      0.625,
      {
        "40": 15,
        "30": 7,
        "20": 2
      }
    ]
  ],
  "perturbed": [
    [
      35.833333333333336,
      0.6666666666666666,
      {
        "30": 6,
        "40": 16,
        "20": 2
      }
    ],
    [
      35.0,
      0.5833333333333334,
      {
        "30": 8,
        "40": 14,
        "20": 2
      }
    ],
    [
      32.5,
      0.5416666666666666,
      {
        "30": 5,
        "40": 13,
        "20": 5,
        "10": 1
      }
    ],
    [
      33.75,
      0.5,
      {
        "30": 9,
        "40": 12,
        "20": 3
      }
    ]
  ],
  "point_distributions_percentage": {
    "baseline": {
      "10": "1.0%",
      "20": "6.2%",
      "30": "13.5%",
      "40": "79.2%"
    },
    "perturbed": {
      "10": "1.0%",
      "20": "12.5%",
      "30": "29.2%",
      "40": "57.3%"
    }
  },
  "summary": {
    "baseline_pts": "37.08\u00b11.47",
    "perturbed_pts": "34.27\u00b11.26",
    "delta_pts": "-2.81"
  }
}