{
  "baseline": [
    [
      38.333333333333336,
      0.875,
      {
        "40": 21,
        "30": 2,
        "20": 1
      }
    ],
    [
      38.75,
      0.875,
      {
        "40": 21,
        "30": 3
      }
    ],
    [
      34.583333333333336,
      0.7083333333333334,
      {
        "40": 17,
        "20": 4,
        "30": 2,
        "10": 1
      }
    ],
    [
      35.0,
      0.5833333333333334,
      {
        "30": 8,
        "40": 14,
        "20": 2
      }
    ]
  ],
  "perturbed": [
    [
      35.416666666666664,
      0.6666666666666666,
      {
        "30": 5,
        "40": 16,
        "20": 3
      }
    ],
    [
      35.0,
      0.5833333333333334,
      {
        "30": 8,
        "40": 14,
        "20": 2
      }
    ],
    [
      32.5,
      0.5416666666666666,
      {
        "30": 5,
        "40": 13,
        "20": 5,
        "10": 1
      }
    ],
    [
      33.333333333333336,
      0.4583333333333333,
      {
        "30": 10,
        "40": 11,
        "20": 3
      }
    ]
  ],
  "point_distributions_percentage": {
    "baseline": {
      "10": "1.0%",
      "20": "7.3%",
      "30": "15.6%",
      "40": "76.0%"
    },
    "perturbed": {
      "10": "1.0%",
      "20": "13.5%",
      "30": "29.2%",
      "40": "56.2%"
    }
  },
  "summary": {
    "baseline_pts": "36.67\u00b11.89",
    "perturbed_pts": "34.06\u00b11.19",
    "delta_pts": "-2.60"
  }
}